build_no,feature_source_build,prefix,type,cross,cpu_time_ms,split
2,2,src/test,JAVA,src/test|JAVA,806.0,train
3,3,src/main,JAVA,src/main|JAVA,576.0,train
4,4,tools/,JAVA,tools/|JAVA,1807.0,train
5,5,src/main,JAVA,src/main|JAVA,2440.0,train
6,6,src/main,JAVA,src/main|JAVA,7844.0,train
7,7,src/main,JAVA,src/main|JAVA,10158.0,train
8,8,tools/,JAVA,tools/|JAVA,12167.0,train
9,9,tools/,JAVA,tools/|JAVA,1459.0,train
10,10,tools/,JAVA,tools/|JAVA,1629.0,train
11,11,tools/,JAVA,tools/|JAVA,7754.0,train
12,12,tools/,JAVA,tools/|JAVA,23810.0,train
13,13,tools/,JAVA,tools/|JAVA,5638.0,train
14,14,site/,C/C++,site/|C/C++,4021.0,train
15,15,tools/,JAVA,tools/|JAVA,637.0,train
16,16,site/,JAVA,site/|JAVA,13278.0,train
17,17,tools/,JAVA,tools/|JAVA,758.0,train
18,18,src/main,JAVA,src/main|JAVA,2980.0,train
19,19,src/main,JAVA,src/main|JAVA,10570.0,train
20,20,tools/,JAVA,tools/|JAVA,2717.0,train
21,21,site/,JAVA,site/|JAVA,10802.0,train
22,22,site/,C/C++,site/|C/C++,638.0,train
23,23,tools/,python,tools/|python,599.0,train
24,24,src/main,JAVA,src/main|JAVA,1829.0,train
25,25,src/main,JAVA,src/main|JAVA,7263.0,train
26,26,tools/,JAVA,tools/|JAVA,1538.0,train
27,27,src/main,JAVA,src/main|JAVA,1555.0,train
28,28,tools/,JAVA,tools/|JAVA,1731.0,train
29,29,tools/,JAVA,tools/|JAVA,1342.0,train
30,30,src/main,JAVA,src/main|JAVA,2224.0,train
31,31,src/main,JAVA,src/main|JAVA,1720.0,train
32,32,src/main,JAVA,src/main|JAVA,5223.0,train
33,33,tools/,JAVA,tools/|JAVA,3321.0,train
34,34,tools/,JAVA,tools/|JAVA,1683.0,train
35,35,tools/,JAVA,tools/|JAVA,3854.0,train
36,36,src/main,JAVA,src/main|JAVA,6209.0,train
37,37,src/main,JAVA,src/main|JAVA,9824.0,train
38,38,tools/,JAVA,tools/|JAVA,4148.0,train
39,39,src/main,JAVA,src/main|JAVA,18998.0,train
40,40,src/main,JAVA,src/main|JAVA,2875.0,train
41,41,tools/,JAVA,tools/|JAVA,12219.0,train
42,42,tools/,JAVA,tools/|JAVA,3497.0,train
43,43,src/main,JAVA,src/main|JAVA,3811.0,train
44,44,src/test,Starlark,src/test|Starlark,5221.0,train
45,45,src/test,Starlark,src/test|Starlark,677.0,train
46,46,src/main,JAVA,src/main|JAVA,688.0,train
47,47,src/main,JAVA,src/main|JAVA,651.0,train
48,48,tools/,JAVA,tools/|JAVA,2287.0,train
49,49,src/test,JAVA,src/test|JAVA,690.0,train
50,50,src/main,JAVA,src/main|JAVA,1354.0,train
51,51,tools/,JAVA,tools/|JAVA,1465.0,train
52,52,tools/,JAVA,tools/|JAVA,1655.0,train
53,53,src/main,JAVA,src/main|JAVA,2086.0,train
54,54,tools/,JAVA,tools/|JAVA,684.0,train
55,55,src/main,Starlark,src/main|Starlark,2534.0,train
56,56,src/main,JAVA,src/main|JAVA,13575.0,train
57,57,src/main,JAVA,src/main|JAVA,2474.0,train
58,58,src/tools,C/C++,src/tools|C/C++,1727.0,train
59,59,src/main,JAVA,src/main|JAVA,710.0,train
60,60,tools/,JAVA,tools/|JAVA,4265.0,train
61,61,src/test,JAVA,src/test|JAVA,596.0,train
62,62,src/test,JAVA,src/test|JAVA,584.0,train
63,63,src/test,JAVA,src/test|JAVA,596.0,train
64,64,src/main,JAVA,src/main|JAVA,716.0,train
65,65,tools/,JAVA,tools/|JAVA,3771.0,train
66,66,tools/,JAVA,tools/|JAVA,1614.0,train
67,67,src/main,Starlark,src/main|Starlark,1636.0,train
68,68,tools/,Starlark,tools/|Starlark,12398.0,train
69,69,site/,C/C++,site/|C/C++,1200.0,train
70,70,src/main,JAVA,src/main|JAVA,2248.0,train
71,71,src/main,JAVA,src/main|JAVA,20446.0,train
72,72,src/main,JAVA,src/main|JAVA,1532.0,train
73,73,site/,JAVA,site/|JAVA,8512.0,train
74,74,tools/,JAVA,tools/|JAVA,816.0,train
75,75,src/main,JAVA,src/main|JAVA,7163.0,train
76,76,src/main,JAVA,src/main|JAVA,7715.0,train
77,77,site/,C/C++,site/|C/C++,4513.0,train
78,78,src/main,JAVA,src/main|JAVA,660.0,train
79,79,src/test,Starlark,src/test|Starlark,6474.0,train
80,80,src/main,JAVA,src/main|JAVA,630.0,train
81,81,src/main,JAVA,src/main|JAVA,1172.0,train
82,82,src/test,JAVA,src/test|JAVA,2650.0,train
83,83,src/tools,C/C++,src/tools|C/C++,609.0,train
84,84,tools/,JAVA,tools/|JAVA,587.0,train
85,85,src/main,JAVA,src/main|JAVA,15676.0,train
86,86,src/main,JAVA,src/main|JAVA,1641.0,train
87,87,tools/,JAVA,tools/|JAVA,1689.0,train
88,88,site/,JAVA,site/|JAVA,3968.0,train
89,89,src/main,JAVA,src/main|JAVA,593.0,train
90,90,tools/,JAVA,tools/|JAVA,2309.0,train
91,91,src/main,JAVA,src/main|JAVA,1331.0,train
92,92,tools/,JAVA,tools/|JAVA,1990.0,train
93,93,tools/,JAVA,tools/|JAVA,1464.0,train
94,94,tools/,JAVA,tools/|JAVA,2071.0,train
95,95,tools/,JAVA,tools/|JAVA,16088.0,train
96,96,tools/,JAVA,tools/|JAVA,2016.0,train
97,97,site/,JAVA,site/|JAVA,10945.0,train
98,98,site/,C/C++,site/|C/C++,657.0,train
99,99,site/,JAVA,site/|JAVA,636.0,train
100,100,site/,JAVA,site/|JAVA,688.0,train
101,101,tools/,JAVA,tools/|JAVA,743.0,train
102,102,src/test,JAVA,src/test|JAVA,7295.0,train
103,103,src/main,C/C++,src/main|C/C++,598.0,train
104,104,site/,JAVA,site/|JAVA,4878.0,train
105,105,src/main,JAVA,src/main|JAVA,627.0,train
106,106,tools/,python,tools/|python,2493.0,train
107,107,site/,JAVA,site/|JAVA,1326.0,train
108,108,site/,JAVA,site/|JAVA,746.0,train
109,109,tools/,JAVA,tools/|JAVA,570.0,train
110,110,src/tools,C/C++,src/tools|C/C++,7537.0,train
111,111,src/test,JAVA,src/test|JAVA,668.0,train
112,112,tools/,JAVA,tools/|JAVA,566.0,train
113,113,tools/,JAVA,tools/|JAVA,1719.0,train
114,114,src/main,JAVA,src/main|JAVA,3323.0,train
115,115,tools/,JAVA,tools/|JAVA,1983.0,train
116,116,tools/,JAVA,tools/|JAVA,5014.0,train
117,117,bazelci/,Starlark,bazelci/|Starlark,1375.0,train
118,118,bazelci/,Starlark,bazelci/|Starlark,1707.0,train
119,119,site/,JAVA,site/|JAVA,589.0,train
120,120,tools/,Starlark,tools/|Starlark,629.0,train
121,121,tools/,Starlark,tools/|Starlark,14278.0,train
122,122,tools/,JAVA,tools/|JAVA,770.0,train
123,123,tools/,JAVA,tools/|JAVA,1496.0,train
124,124,site/,JAVA,site/|JAVA,15278.0,train
125,125,src/main,JAVA,src/main|JAVA,651.0,train
126,126,tools/,JAVA,tools/|JAVA,1612.0,train
127,127,tools/,JAVA,tools/|JAVA,2703.0,train
128,128,tools/,JAVA,tools/|JAVA,3882.0,train
129,129,src/test,JAVA,src/test|JAVA,8791.0,train
130,130,site/,JAVA,site/|JAVA,672.0,train
131,131,scripts/,Starlark,scripts/|Starlark,577.0,train
132,132,src/main,JAVA,src/main|JAVA,610.0,train
133,133,src/main,JAVA,src/main|JAVA,2015.0,train
134,134,tools/,JAVA,tools/|JAVA,821.0,train
135,135,src/main,JAVA,src/main|JAVA,1324.0,train
136,136,src/test,JAVA,src/test|JAVA,1437.0,train
137,137,tools/,JAVA,tools/|JAVA,596.0,train
138,138,tools/,JAVA,tools/|JAVA,7977.0,train
139,139,scripts/,Starlark,scripts/|Starlark,13870.0,train
140,140,src/main,JAVA,src/main|JAVA,777.0,train
141,141,src/test,Starlark,src/test|Starlark,3490.0,train
142,142,src/test,Starlark,src/test|Starlark,723.0,train
143,143,src/test,Starlark,src/test|Starlark,665.0,train
144,144,src/test,Starlark,src/test|Starlark,609.0,train
145,145,tools/,JAVA,tools/|JAVA,635.0,train
146,146,src/main,JAVA,src/main|JAVA,10212.0,train
147,147,src/main,JAVA,src/main|JAVA,2579.0,train
148,148,src/test,Starlark,src/test|Starlark,1732.0,train
149,149,src/main,JAVA,src/main|JAVA,981.0,train
150,150,src/main,JAVA,src/main|JAVA,1992.0,train
151,151,src/main,JAVA,src/main|JAVA,1825.0,train
152,152,site/,JAVA,site/|JAVA,1855.0,train
153,153,src/main,JAVA,src/main|JAVA,612.0,train
154,154,src/main,JAVA,src/main|JAVA,7658.0,train
155,155,site/,JAVA,site/|JAVA,12439.0,train
156,156,src/main,JAVA,src/main|JAVA,860.0,train
157,157,src/main,JAVA,src/main|JAVA,1714.0,train
158,158,tools/,JAVA,tools/|JAVA,1619.0,train
159,159,src/main,JAVA,src/main|JAVA,1496.0,train
160,160,src/main,JAVA,src/main|JAVA,3303.0,train
161,161,src/main,JAVA,src/main|JAVA,2520.0,train
162,162,src/main,JAVA,src/main|JAVA,4125.0,train
163,163,tools/,JAVA,tools/|JAVA,1534.0,train
164,164,src/main,JAVA,src/main|JAVA,3535.0,train
165,165,tools/,Starlark,tools/|Starlark,3455.0,train
166,166,tools/,JAVA,tools/|JAVA,1589.0,train
167,167,tools/,JAVA,tools/|JAVA,2197.0,train
168,168,tools/,JAVA,tools/|JAVA,3251.0,train
169,169,src/test,Starlark,src/test|Starlark,1849.0,train
170,170,tools/,JAVA,tools/|JAVA,613.0,train
171,171,src/main,JAVA,src/main|JAVA,1683.0,train
172,172,site/,JAVA,site/|JAVA,1748.0,train
173,173,site/,JAVA,site/|JAVA,612.0,train
174,174,src/main,JAVA,src/main|JAVA,645.0,train
175,175,tools/,JAVA,tools/|JAVA,2529.0,train
176,176,src/main,JAVA,src/main|JAVA,1593.0,train
177,177,site/,JAVA,site/|JAVA,3294.0,train
178,178,tools/,JAVA,tools/|JAVA,619.0,train
179,179,src/main,JAVA,src/main|JAVA,1454.0,train
180,180,src/test,Starlark,src/test|Starlark,1477.0,train
181,181,src/main,JAVA,src/main|JAVA,13583.0,train
182,182,tools/,JAVA,tools/|JAVA,4587.0,train
183,183,tools/,JAVA,tools/|JAVA,1744.0,train
184,184,src/test,JAVA,src/test|JAVA,2486.0,train
185,185,tools/,JAVA,tools/|JAVA,589.0,train
186,186,site/,JAVA,site/|JAVA,18454.0,train
187,187,src/main,JAVA,src/main|JAVA,1119.0,train
188,188,tools/,JAVA,tools/|JAVA,13159.0,train
189,189,bazelci/,JAVA,bazelci/|JAVA,14851.0,train
190,190,src/main,JAVA,src/main|JAVA,9738.0,train
191,191,site/,C/C++,site/|C/C++,2389.0,train
192,192,src/test,JAVA,src/test|JAVA,580.0,train
193,193,src/test,Starlark,src/test|Starlark,861.0,train
194,194,tools/,JAVA,tools/|JAVA,670.0,train
195,195,src/test,Starlark,src/test|Starlark,9757.0,train
196,196,third_party/,Starlark,third_party/|Starlark,609.0,train
197,197,src/test,Starlark,src/test|Starlark,1128.0,train
198,198,tools/,JAVA,tools/|JAVA,622.0,train
199,199,src/main,JAVA,src/main|JAVA,19431.0,train
200,200,src/main,JAVA,src/main|JAVA,2212.0,train
201,201,src/main,JAVA,src/main|JAVA,1432.0,train
202,202,src/main,JAVA,src/main|JAVA,3496.0,train
203,203,src/main,JAVA,src/main|JAVA,1836.0,train
204,204,tools/,JAVA,tools/|JAVA,18170.0,train
205,205,tools/,JAVA,tools/|JAVA,1506.0,train
206,206,tools/,JAVA,tools/|JAVA,2337.0,train
207,207,src/main,JAVA,src/main|JAVA,2959.0,train
208,208,src/main,JAVA,src/main|JAVA,1593.0,train
209,209,src/main,JAVA,src/main|JAVA,1452.0,train
210,210,src/main,JAVA,src/main|JAVA,7908.0,train
211,211,tools/,JAVA,tools/|JAVA,3503.0,train
212,212,src/main,JAVA,src/main|JAVA,15908.0,train
213,213,src/main,JAVA,src/main|JAVA,4853.0,train
214,214,tools/,JAVA,tools/|JAVA,1534.0,train
215,215,src/main,JAVA,src/main|JAVA,601.0,train
216,216,tools/,JAVA,tools/|JAVA,6341.0,train
217,217,src/test,JAVA,src/test|JAVA,1754.0,train
218,218,site/,JAVA,site/|JAVA,655.0,train
219,219,src/main,JAVA,src/main|JAVA,593.0,train
220,220,src/main,JAVA,src/main|JAVA,1504.0,train
221,221,tools/,JAVA,tools/|JAVA,2512.0,train
222,222,tools/,JAVA,tools/|JAVA,13621.0,train
223,223,tools/,JAVA,tools/|JAVA,1692.0,train
224,224,tools/,JAVA,tools/|JAVA,795.0,train
225,225,third_party/,C/C++,third_party/|C/C++,4414.0,train
226,226,tools/,Starlark,tools/|Starlark,1077.0,train
227,227,src/main,JAVA,src/main|JAVA,2094.0,train
228,228,third_party/,C/C++,third_party/|C/C++,2603.0,train
229,229,src/test,JAVA,src/test|JAVA,4547.0,train
230,230,tools/,JAVA,tools/|JAVA,2278.0,train
231,231,site/,JAVA,site/|JAVA,2747.0,train
232,232,src/main,JAVA,src/main|JAVA,627.0,train
233,233,tools/,JAVA,tools/|JAVA,16181.0,train
234,234,src/main,JAVA,src/main|JAVA,15485.0,train
235,235,src/main,JAVA,src/main|JAVA,2265.0,train
236,236,tools/,JAVA,tools/|JAVA,3061.0,train
237,237,src/test,JAVA,src/test|JAVA,15253.0,train
238,238,src/main,JAVA,src/main|JAVA,662.0,train
239,239,src/main,JAVA,src/main|JAVA,8375.0,train
240,240,tools/,JAVA,tools/|JAVA,12477.0,train
241,241,src/main,JAVA,src/main|JAVA,1743.0,train
242,242,src/main,JAVA,src/main|JAVA,2443.0,train
243,243,src/test,JAVA,src/test|JAVA,14668.0,train
244,244,tools/,JAVA,tools/|JAVA,630.0,train
245,245,src/main,JAVA,src/main|JAVA,4045.0,train
246,246,src/main,JAVA,src/main|JAVA,8067.0,train
247,247,src/main,JAVA,src/main|JAVA,1508.0,train
248,248,src/main,JAVA,src/main|JAVA,7239.0,train
249,249,tools/,JAVA,tools/|JAVA,3995.0,train
250,250,tools/,JAVA,tools/|JAVA,1346.0,train
251,251,tools/,JAVA,tools/|JAVA,629.0,train
252,252,src/main,JAVA,src/main|JAVA,9598.0,train
253,253,src/main,JAVA,src/main|JAVA,15154.0,train
254,254,src/main,JAVA,src/main|JAVA,835.0,train
255,255,site/,JAVA,site/|JAVA,1398.0,train
256,256,tools/,JAVA,tools/|JAVA,583.0,train
257,257,third_party/,Starlark,third_party/|Starlark,1391.0,train
258,258,site/,JAVA,site/|JAVA,37481.0,train
259,259,src/main,JAVA,src/main|JAVA,855.0,train
260,260,src/main,JAVA,src/main|JAVA,1644.0,train
261,261,bazelci/,Starlark,bazelci/|Starlark,3803.0,train
262,262,src/main,JAVA,src/main|JAVA,10756.0,train
263,263,src/test,JAVA,src/test|JAVA,1994.0,train
264,264,src/main,JAVA,src/main|JAVA,700.0,train
265,265,tools/,JAVA,tools/|JAVA,671.0,train
266,266,src/main,C/C++,src/main|C/C++,1383.0,train
267,267,src/main,JAVA,src/main|JAVA,1220.0,train
268,268,tools/,JAVA,tools/|JAVA,852.0,train
269,269,src/main,JAVA,src/main|JAVA,1519.0,train
270,270,bazelci/,Starlark,bazelci/|Starlark,1477.0,train
271,271,src/main,JAVA,src/main|JAVA,7822.0,train
272,272,tools/,Starlark,tools/|Starlark,2480.0,train
273,273,tools/,JAVA,tools/|JAVA,1337.0,train
274,274,src/main,JAVA,src/main|JAVA,1422.0,train
275,275,src/main,JAVA,src/main|JAVA,1862.0,train
276,276,src/test,JAVA,src/test|JAVA,16722.0,train
277,277,tools/,JAVA,tools/|JAVA,669.0,train
278,278,src/main,JAVA,src/main|JAVA,5481.0,train
279,279,tools/,JAVA,tools/|JAVA,2632.0,train
280,280,tools/,JAVA,tools/|JAVA,1415.0,train
281,281,src/main,JAVA,src/main|JAVA,14965.0,train
282,282,src/test,JAVA,src/test|JAVA,1558.0,train
283,283,src/test,JAVA,src/test|JAVA,665.0,train
284,284,src/main,JAVA,src/main|JAVA,668.0,train
285,285,site/,C/C++,site/|C/C++,1414.0,train
286,286,src/main,JAVA,src/main|JAVA,591.0,train
287,287,tools/,JAVA,tools/|JAVA,7483.0,train
288,288,tools/,JAVA,tools/|JAVA,1794.0,train
289,289,site/,C/C++,site/|C/C++,1493.0,train
290,290,tools/,JAVA,tools/|JAVA,991.0,train
291,291,tools/,JAVA,tools/|JAVA,13574.0,train
292,292,tools/,JAVA,tools/|JAVA,6280.0,train
293,293,site/,C/C++,site/|C/C++,16997.0,train
294,294,site/,JAVA,site/|JAVA,631.0,train
295,295,src/main,JAVA,src/main|JAVA,564.0,train
296,296,src/main,JAVA,src/main|JAVA,2278.0,train
297,297,tools/,JAVA,tools/|JAVA,7603.0,train
298,298,src/test,python,src/test|python,4210.0,train
299,299,src/main,JAVA,src/main|JAVA,4552.0,train
300,300,tools/,JAVA,tools/|JAVA,1516.0,train
301,301,tools/,JAVA,tools/|JAVA,16928.0,val
302,302,src/main,JAVA,src/main|JAVA,2229.0,val
303,303,tools/,JAVA,tools/|JAVA,1950.0,val
304,304,tools/,C/C++,tools/|C/C++,3769.0,val
305,305,tools/,C/C++,tools/|C/C++,1404.0,val
306,306,src/test,JAVA,src/test|JAVA,1368.0,val
307,307,src/test,JAVA,src/test|JAVA,571.0,val
308,308,src/test,JAVA,src/test|JAVA,577.0,val
309,309,bazelci/,JAVA,bazelci/|JAVA,639.0,val
310,310,src/test,JAVA,src/test|JAVA,7416.0,val
311,311,tools/,JAVA,tools/|JAVA,737.0,val
312,312,src/test,JAVA,src/test|JAVA,7848.0,val
313,313,src/main,JAVA,src/main|JAVA,697.0,val
314,314,src/test,JAVA,src/test|JAVA,15556.0,val
315,315,src/main,JAVA,src/main|JAVA,1104.0,val
316,316,site/,JAVA,site/|JAVA,16664.0,val
317,317,src/main,JAVA,src/main|JAVA,634.0,val
318,318,src/test,JAVA,src/test|JAVA,8116.0,val
319,319,src/main,JAVA,src/main|JAVA,566.0,val
320,320,src/main,JAVA,src/main|JAVA,1577.0,val
321,321,src/main,JAVA,src/main|JAVA,3154.0,val
322,322,site/,JAVA,site/|JAVA,3024.0,val
323,323,src/test,JAVA,src/test|JAVA,612.0,val
324,324,site/,C/C++,site/|C/C++,1910.0,val
325,325,tools/,JAVA,tools/|JAVA,579.0,val
326,326,src/main,JAVA,src/main|JAVA,1290.0,val
327,327,src/main,JAVA,src/main|JAVA,1489.0,val
328,328,src/main,JAVA,src/main|JAVA,1431.0,val
329,329,src/test,JAVA,src/test|JAVA,1820.0,val
330,330,src/main,JAVA,src/main|JAVA,630.0,val
331,331,tools/,JAVA,tools/|JAVA,5276.0,val
332,332,src/main,C/C++,src/main|C/C++,16561.0,val
333,333,src/test,C/C++,src/test|C/C++,1422.0,val
334,334,site/,JAVA,site/|JAVA,632.0,val
335,335,tools/,JAVA,tools/|JAVA,602.0,val
336,336,src/main,JAVA,src/main|JAVA,1991.0,val
337,337,site/,C/C++,site/|C/C++,5286.0,val
338,338,tools/,JAVA,tools/|JAVA,611.0,val
339,339,tools/,JAVA,tools/|JAVA,2245.0,val
340,340,src/main,JAVA,src/main|JAVA,1654.0,val
341,341,src/main,JAVA,src/main|JAVA,11140.0,val
342,342,site/,C/C++,site/|C/C++,1974.0,val
343,343,src/main,JAVA,src/main|JAVA,590.0,val
344,344,tools/,JAVA,tools/|JAVA,1550.0,val
345,345,site/,JAVA,site/|JAVA,3060.0,val
346,346,tools/,JAVA,tools/|JAVA,592.0,val
347,347,src/main,JAVA,src/main|JAVA,2291.0,val
348,348,third_party/,C/C++,third_party/|C/C++,6534.0,val
349,349,src/main,JAVA,src/main|JAVA,1472.0,val
350,350,src/main,JAVA,src/main|JAVA,7006.0,val
351,351,tools/,JAVA,tools/|JAVA,1535.0,val
352,352,src/main,JAVA,src/main|JAVA,6520.0,val
353,353,src/main,JAVA,src/main|JAVA,8181.0,val
354,354,tools/,JAVA,tools/|JAVA,6107.0,val
355,355,tools/,JAVA,tools/|JAVA,2466.0,val
356,356,third_party/,Starlark,third_party/|Starlark,1492.0,val
357,357,src/main,JAVA,src/main|JAVA,37113.0,val
358,358,site/,JAVA,site/|JAVA,2218.0,val
359,359,src/main,JAVA,src/main|JAVA,694.0,val
360,360,src/main,C/C++,src/main|C/C++,3845.0,val
361,361,site/,C/C++,site/|C/C++,2339.0,val
362,362,tools/,JAVA,tools/|JAVA,593.0,val
363,363,src/main,JAVA,src/main|JAVA,584.0,val
364,364,src/main,JAVA,src/main|JAVA,3310.0,val
365,365,src/main,JAVA,src/main|JAVA,782.0,val
366,366,src/main,JAVA,src/main|JAVA,15754.0,val
367,367,src/test,JAVA,src/test|JAVA,1645.0,val
368,368,tools/,JAVA,tools/|JAVA,602.0,val
369,369,src/main,JAVA,src/main|JAVA,6552.0,val
370,370,tools/,JAVA,tools/|JAVA,4962.0,val
371,371,tools/,JAVA,tools/|JAVA,7193.0,val
372,372,src/main,JAVA,src/main|JAVA,1839.0,val
373,373,src/main,JAVA,src/main|JAVA,6513.0,val
374,374,src/test,JAVA,src/test|JAVA,5535.0,val
375,375,site/,JAVA,site/|JAVA,680.0,val
376,376,tools/,JAVA,tools/|JAVA,594.0,val
377,377,src/test,JAVA,src/test|JAVA,17580.0,val
378,378,tools/,JAVA,tools/|JAVA,714.0,val
379,379,bazelci/,Starlark,bazelci/|Starlark,4065.0,val
380,380,src/main,JAVA,src/main|JAVA,9849.0,val
381,381,tools/,JAVA,tools/|JAVA,1671.0,val
382,382,site/,JAVA,site/|JAVA,2296.0,val
383,383,site/,JAVA,site/|JAVA,594.0,val
384,384,tools/,JAVA,tools/|JAVA,585.0,val
385,385,src/main,C/C++,src/main|C/C++,16356.0,val
386,386,tools/,JAVA,tools/|JAVA,2537.0,val
387,387,src/test,JAVA,src/test|JAVA,11109.0,val
388,388,tools/,JAVA,tools/|JAVA,606.0,val
389,389,tools/,JAVA,tools/|JAVA,13163.0,val
390,390,src/main,JAVA,src/main|JAVA,6636.0,val
391,391,tools/,JAVA,tools/|JAVA,1816.0,val
392,392,tools/,JAVA,tools/|JAVA,2762.0,val
393,393,tools/,JAVA,tools/|JAVA,3907.0,val
394,394,src/main,JAVA,src/main|JAVA,593.0,val
395,395,site/,JAVA,site/|JAVA,1475.0,val
396,396,src/main,JAVA,src/main|JAVA,598.0,val
397,397,site/,C/C++,site/|C/C++,6367.0,val
398,398,src/main,JAVA,src/main|JAVA,605.0,val
399,399,tools/,JAVA,tools/|JAVA,1529.0,val
400,400,tools/,JAVA,tools/|JAVA,587.0,val
401,401,src/main,JAVA,src/main|JAVA,3897.0,test
402,402,src/main,JAVA,src/main|JAVA,1547.0,test
403,403,site/,C/C++,site/|C/C++,1455.0,test
404,404,site/,JAVA,site/|JAVA,678.0,test
405,405,tools/,JAVA,tools/|JAVA,574.0,test
406,406,site/,JAVA,site/|JAVA,19252.0,test
407,407,tools/,JAVA,tools/|JAVA,787.0,test
408,408,src/test,JAVA,src/test|JAVA,27056.0,test
409,409,site/,JAVA,site/|JAVA,817.0,test
410,410,src/main,JAVA,src/main|JAVA,588.0,test
411,411,tools/,JAVA,tools/|JAVA,14382.0,test
412,412,src/main,JAVA,src/main|JAVA,9242.0,test
413,413,src/test,JAVA,src/test|JAVA,2076.0,test
414,414,src/main,JAVA,src/main|JAVA,602.0,test
415,415,src/test,JAVA,src/test|JAVA,1763.0,test
416,416,tools/,JAVA,tools/|JAVA,594.0,test
417,417,tools/,JAVA,tools/|JAVA,17442.0,test
418,418,tools/,JAVA,tools/|JAVA,2068.0,test
419,419,src/test,JAVA,src/test|JAVA,15183.0,test
420,420,tools/,JAVA,tools/|JAVA,700.0,test
421,421,tools/,JAVA,tools/|JAVA,12456.0,test
422,422,tools/,JAVA,tools/|JAVA,1733.0,test
423,423,src/main,JAVA,src/main|JAVA,14439.0,test
424,424,src/main,JAVA,src/main|JAVA,15505.0,test
425,425,tools/,JAVA,tools/|JAVA,2131.0,test
426,426,tools/,JAVA,tools/|JAVA,2171.0,test
427,427,tools/,JAVA,tools/|JAVA,1324.0,test
428,428,src/test,JAVA,src/test|JAVA,627.0,test
429,429,src/test,JAVA,src/test|JAVA,602.0,test
430,430,tools/,JAVA,tools/|JAVA,657.0,test
431,431,src/test,JAVA,src/test|JAVA,629.0,test
432,432,src/test,JAVA,src/test|JAVA,594.0,test
433,433,tools/,JAVA,tools/|JAVA,659.0,test
434,434,tools/,JAVA,tools/|JAVA,1427.0,test
435,435,src/test,JAVA,src/test|JAVA,2368.0,test
436,436,site/,JAVA,site/|JAVA,600.0,test
437,437,tools/,JAVA,tools/|JAVA,605.0,test
438,438,src/main,JAVA,src/main|JAVA,17167.0,test
439,439,tools/,JAVA,tools/|JAVA,2173.0,test
440,440,tools/,JAVA,tools/|JAVA,16783.0,test
441,441,src/main,JAVA,src/main|JAVA,2210.0,test
442,442,tools/,JAVA,tools/|JAVA,1960.0,test
443,443,src/main,JAVA,src/main|JAVA,14638.0,test
444,444,src/main,JAVA,src/main|JAVA,6508.0,test
445,445,src/main,JAVA,src/main|JAVA,4109.0,test
446,446,src/main,JAVA,src/main|JAVA,8131.0,test
447,447,src/main,JAVA,src/main|JAVA,2884.0,test
448,448,tools/,Starlark,tools/|Starlark,8142.0,test
449,449,src/main,JAVA,src/main|JAVA,14281.0,test
450,450,tools/,JAVA,tools/|JAVA,1629.0,test
451,451,src/main,Starlark,src/main|Starlark,13095.0,test
452,452,site/,C/C++,site/|C/C++,3543.0,test
453,453,src/main,JAVA,src/main|JAVA,602.0,test
454,454,tools/,JAVA,tools/|JAVA,1366.0,test
455,455,tools/,JAVA,tools/|JAVA,1402.0,test
456,456,tools/,JAVA,tools/|JAVA,10169.0,test
457,457,src/main,JAVA,src/main|JAVA,1536.0,test
458,458,src/test,JAVA,src/test|JAVA,1990.0,test
459,459,tools/,JAVA,tools/|JAVA,597.0,test
460,460,src/test,JAVA,src/test|JAVA,22702.0,test
461,461,scripts/,JAVA,scripts/|JAVA,1209.0,test
462,462,src/main,JAVA,src/main|JAVA,615.0,test
463,463,src/main,JAVA,src/main|JAVA,1493.0,test
464,464,src/main,JAVA,src/main|JAVA,2124.0,test
465,465,src/main,JAVA,src/main|JAVA,737.0,test
466,466,src/main,JAVA,src/main|JAVA,1853.0,test
467,467,tools/,JAVA,tools/|JAVA,4873.0,test
468,468,bazelci/,Starlark,bazelci/|Starlark,1904.0,test
469,469,tools/,JAVA,tools/|JAVA,8317.0,test
470,470,tools/,JAVA,tools/|JAVA,9009.0,test
471,471,src/main,JAVA,src/main|JAVA,2480.0,test
472,472,src/main,JAVA,src/main|JAVA,14066.0,test
473,473,src/main,JAVA,src/main|JAVA,2400.0,test
474,474,tools/,JAVA,tools/|JAVA,2045.0,test
475,475,src/main,JAVA,src/main|JAVA,2588.0,test
476,476,tools/,JAVA,tools/|JAVA,1812.0,test
477,477,src/test,JAVA,src/test|JAVA,1321.0,test
478,478,tools/,JAVA,tools/|JAVA,574.0,test
479,479,tools/,JAVA,tools/|JAVA,4259.0,test
480,480,site/,JAVA,site/|JAVA,1499.0,test
481,481,tools/,JAVA,tools/|JAVA,671.0,test
482,482,src/main,JAVA,src/main|JAVA,1588.0,test
483,483,site/,JAVA,site/|JAVA,2036.0,test
484,484,bazelci/,Starlark,bazelci/|Starlark,585.0,test
485,485,tools/,JAVA,tools/|JAVA,8565.0,test
486,486,src/main,JAVA,src/main|JAVA,5906.0,test
487,487,site/,C/C++,site/|C/C++,1547.0,test
488,488,src/test,JAVA,src/test|JAVA,861.0,test
489,489,src/main,JAVA,src/main|JAVA,4689.0,test
490,490,src/main,JAVA,src/main|JAVA,11197.0,test
491,491,site/,C/C++,site/|C/C++,2098.0,test
492,492,src/main,JAVA,src/main|JAVA,585.0,test
493,493,src/main,JAVA,src/main|JAVA,2137.0,test
494,494,tools/,JAVA,tools/|JAVA,1536.0,test
495,495,src/main,JAVA,src/main|JAVA,10254.0,test
496,496,src/test,JAVA,src/test|JAVA,11084.0,test
497,497,src/main,C/C++,src/main|C/C++,626.0,test
498,498,site/,C/C++,site/|C/C++,1270.0,test
499,499,site/,C/C++,site/|C/C++,876.0,test
500,500,tools/,JAVA,tools/|JAVA,571.0,test
